id;titre;description;isbn;code
1;withdrawal white Markets;withdrawal CSS Silver;Regional;Credit Card Account
2;Forint New York;neural function multi-byte;circuit;parse
3;Table;override;bifurcated mobile monitor;digital Fully-configurable productize
4;HTTP;Bhutan;Down-sized static;Shoes invoice
5;Movies Health;Corporate;Plastic Money Market Account;convergence exuding
6;olive Producer;Louisiana target;SMTP;teal
7;Avon;Tuna Dynamic;Automotive;Cambridgeshire
8;Fish Mississippi Personal Loan Account;Assistant e-business;Practical Steel Pizza;backing up matrix
9;standardization;benchmark Tuvalu sexy;Rand Namibia Dollar Kwanza;Agent
10;synthesize schemas Security;Frozen transmit;South Dakota North Carolina Generic;Movies Integrated
